{"count":1,"self":2344.8475648,"total":7543.8095299999995,"children":{"InitializeActuators":{"count":16,"self":0.00094299999999999994,"total":0.00094299999999999994,"children":null},"InitializeSensors":{"count":16,"self":0.0012599999999999998,"total":0.0012599999999999998,"children":null},"AgentSendState":{"count":2503467,"self":200.8463232,"total":291.14734999999996,"children":{"CollectObservations":{"count":4005552,"self":5.8818719999999995,"total":5.8818719999999995,"children":null},"WriteActionMask":{"count":4005552,"self":4.064272,"total":4.064272,"children":null},"RequestDecision":{"count":4005552,"self":15.395777599999999,"total":80.354888,"children":{"AgentInfo.ToProto":{"count":4005552,"self":15.2486208,"total":64.95911,"children":{"GenerateSensorData":{"count":4005552,"self":43.0058016,"total":49.710488999999995,"children":{"RayPerceptionSensor.Perceive":{"count":4005552,"self":6.7046871999999995,"total":6.704687,"children":null}}}}}}}}},"DecideAction":{"count":2503467,"self":4630.4452608,"total":4630.445122,"children":null},"AgentAct":{"count":2503467,"self":277.028096,"total":277.36593,"children":{"AgentInfo.ToProto":{"count":13906,"self":0.081146,"total":0.337846,"children":{"GenerateSensorData":{"count":13906,"self":0.215168,"total":0.2567,"children":{"RayPerceptionSensor.Perceive":{"count":13906,"self":0.041532,"total":0.041532,"children":null}}}}}}}},"gauges":{"MoveAgent.CumulativeReward":{"count":13906,"max":158,"min":-884.5,"runningAverage":113.116966,"value":126.5,"weightedAverage":113.332382}},"metadata":{"timer_format_version":"0.1.0","start_time_seconds":"1689341317","unity_version":"2021.3.20f1","command_line_arguments":"\/Applications\/Unity\/Hub\/Editor\/2021.3.20f1\/Unity.app\/Contents\/MacOS\/Unity -projectpath \/Users\/pietrocosseddu\/My project (1) -useHub -hubIPC -cloudEnvironment production -licensingIpc LicenseClient-FWiiVQTqPhrGI3DtRvUsI -hubSessionId 52a991d5-4c2c-42f0-909d-e710fd882cbe","communication_protocol_version":"1.5.0","com.unity.ml-agents_version":"2.0.1","scene_name":"5x5 x16","end_time_seconds":"1689348861"}}