{"count":1,"self":2881.0768384,"total":7484.4762519999995,"children":{"InitializeActuators":{"count":16,"self":0.00091,"total":0.00091,"children":null},"InitializeSensors":{"count":16,"self":0.001251,"total":0.001251,"children":null},"AgentSendState":{"count":2503317,"self":224.0521216,"total":319.76915199999996,"children":{"CollectObservations":{"count":4005312,"self":6.3086047999999995,"total":6.308605,"children":null},"WriteActionMask":{"count":4005312,"self":4.2533579999999995,"total":4.2533579999999995,"children":null},"RequestDecision":{"count":4005312,"self":16.1996944,"total":85.155070999999992,"children":{"AgentInfo.ToProto":{"count":4005312,"self":16.5129344,"total":68.955377,"children":{"GenerateSensorData":{"count":4005312,"self":45.4061856,"total":52.442443,"children":{"RayPerceptionSensor.Perceive":{"count":4005312,"self":7.0362576,"total":7.036258,"children":null}}}}}}}}},"DecideAction":{"count":2503317,"self":4134.285312,"total":4134.2851519999995,"children":null},"AgentAct":{"count":2503317,"self":149.3323392,"total":149.341241,"children":{"AgentInfo.ToProto":{"count":401,"self":0.0022919999999999998,"total":0.008908,"children":{"GenerateSensorData":{"count":401,"self":0.005462,"total":0.0066159999999999995,"children":{"RayPerceptionSensor.Perceive":{"count":401,"self":0.0011539999999999999,"total":0.0011539999999999999,"children":null}}}}}}}},"gauges":{"MoveAgent.CumulativeReward":{"count":401,"max":150.5,"min":-275.5,"runningAverage":-2.94513559,"value":-20,"weightedAverage":-2.14316916}},"metadata":{"timer_format_version":"0.1.0","start_time_seconds":"1689423820","unity_version":"2021.3.20f1","command_line_arguments":"\/Applications\/Unity\/Hub\/Editor\/2021.3.20f1\/Unity.app\/Contents\/MacOS\/Unity -projectpath \/Users\/pietrocosseddu\/My project (1) -useHub -hubIPC -cloudEnvironment production -licensingIpc LicenseClient-FWiiVQTqPhrGI3DtRvUsI -hubSessionId 52a991d5-4c2c-42f0-909d-e710fd882cbe","communication_protocol_version":"1.5.0","com.unity.ml-agents_version":"2.0.1","scene_name":"9x9 x16","end_time_seconds":"1689431304"}}